客户编号1,客户编号2,客户编号3,客户编号4,客户编号5,客户编号6,客户编号7,客户编号8,客户编号9,客户编号10,客户编号11,客户编号12,客户编号13,客户编号14,客户编号15,客户编号16,客户编号17,客户编号18,客户编号19,客户编号20,客户编号21,客户编号22,客户编号23,客户编号24,客户编号25,客户编号26,客户编号27,客户编号28,客户编号29,客户编号30,客户编号31,客户编号32,客户编号33,客户编号34,客户编号35,客户编号36,客户编号37,客户编号38,客户编号39,客户编号40,客户编号41,客户编号42,客户编号43,客户编号44,客户编号45,客户编号46,客户编号47,客户编号48,客户编号49,客户编号50,客户编号51,客户编号52,客户编号53,客户编号54,客户编号55,客户编号56,客户编号57,客户编号58,客户编号59,客户编号60,客户编号61,客户编号62,客户编号63,客户编号64,客户编号65,客户编号66,客户编号67,客户编号68,客户编号69,客户编号70,客户编号71,客户编号72,客户编号73,客户编号74,客户编号75,客户编号76,客户编号77,客户编号78,客户编号79,客户编号80,客户编号81,客户编号82,客户编号83,客户编号84,客户编号85,客户编号86,客户编号87,客户编号88,客户编号89,客户编号90,客户编号91,客户编号92,客户编号93,客户编号94,客户编号95,客户编号96,客户编号97,客户编号98,客户编号99,客户编号100
0,1,0,0,1,0,1,0,1,0,0,1,0,0,1,0,1,1,1,1,1,0,0,0,0,1,0,1,1,1,0,1,1,1,0,0,1,1,0,1,0,0,0,1,0,1,1,1,1,0,1,1,1,0,1,0,0,0,0,0,0,0,0,1,0,0,0,0,0,0,0,1,1,1,1,1,1,1,1,0,1,1,0,0,0,0,0,0,1,0,0,1,0,1,0,1,0,1,0,1
1,0,1,1,1,0,0,1,0,0,0,0,0,1,0,1,1,1,1,0,0,0,1,1,1,0,1,1,1,1,1,0,0,0,0,1,0,0,1,1,1,1,1,1,0,1,1,1,0,0,0,1,1,1,1,1,0,1,0,0,1,1,1,1,0,1,0,0,0,1,1,0,0,1,0,0,0,1,1,0,1,0,1,1,0,0,1,1,1,1,1,0,1,1,1,0,0,1,1,0
1,0,1,1,0,0,1,1,0,1,1,1,1,1,1,0,1,1,0,1,1,1,1,0,0,1,0,1,0,0,0,1,1,0,1,1,0,1,0,0,1,0,1,0,0,1,1,0,1,0,0,0,0,0,0,0,1,0,0,1,0,1,1,1,0,0,0,0,1,1,0,1,0,0,1,0,1,0,1,0,0,0,1,0,0,1,0,1,0,1,1,0,0,1,1,0,0,1,0,0
0,0,0,0,1,0,1,0,1,0,0,1,0,1,1,1,0,0,0,0,0,0,0,0,1,1,0,0,1,0,0,0,1,0,0,1,1,0,0,1,0,0,0,0,0,1,1,1,1,1,1,0,1,0,0,0,1,0,0,1,1,0,0,1,0,0,0,1,0,0,0,0,0,1,1,0,1,0,0,0,1,0,0,0,0,1,0,0,0,0,0,1,0,1,0,1,1,0,1,1
0,1,1,0,0,1,0,0,0,1,0,0,1,0,0,0,1,0,1,1,0,1,0,1,0,1,0,1,0,1,1,0,1,0,1,1,1,0,1,0,0,1,1,1,0,1,0,1,1,1,1,0,0,0,1,1,0,0,0,0,0,0,1,1,0,1,1,1,1,0,0,0,0,0,1,1,0,1,0,0,1,0,0,1,1,0,0,1,0,1,0,1,0,0,1,0,0,0,1,0
0,0,0,1,0,0,0,1,0,0,1,0,0,1,1,1,1,0,0,1,1,1,0,1,0,1,0,0,1,0,1,0,1,0,1,0,1,0,0,1,0,0,0,0,0,1,1,0,1,0,1,0,1,0,1,0,1,0,0,1,1,1,1,0,0,1,1,0,0,1,1,1,0,1,1,1,1,1,1,1,1,1,1,1,0,1,0,1,0,0,0,1,1,1,1,1,1,0,0,0
1,0,1,1,0,1,0,1,1,0,1,1,0,1,0,0,1,1,1,0,0,0,1,1,0,1,0,1,0,0,0,0,1,1,1,0,0,0,0,1,1,0,0,1,0,1,1,1,1,0,0,1,0,0,0,1,0,1,0,0,1,0,0,0,0,1,1,0,0,0,0,0,0,1,1,1,1,1,1,0,0,0,0,0,0,0,1,0,0,0,0,1,0,1,0,0,0,1,1,1
0,0,0,1,0,1,1,1,0,1,0,1,0,0,0,1,1,0,1,1,0,1,0,0,1,1,1,1,1,1,1,0,1,1,0,0,1,0,1,0,1,0,1,1,1,0,0,0,0,0,0,1,1,1,1,0,1,0,1,1,1,1,1,1,1,0,0,1,0,0,1,1,1,1,1,1,0,1,0,0,1,0,0,1,0,1,1,1,1,0,1,1,1,0,1,1,0,1,0,1
0,1,1,0,1,0,1,1,0,0,1,0,0,1,0,0,0,0,0,1,0,0,0,1,1,0,1,0,0,1,1,0,0,1,0,0,0,0,1,0,1,1,0,0,0,1,0,1,1,1,1,0,0,0,1,0,0,1,1,0,1,0,1,1,0,0,1,0,1,0,0,0,0,1,1,0,1,0,0,0,1,1,0,1,1,0,0,0,0,0,0,0,0,1,1,1,0,0,0,0
0,0,1,1,0,0,0,1,0,0,0,0,0,1,0,1,1,1,1,0,0,1,0,1,1,1,0,0,1,1,0,1,1,1,1,0,0,1,1,0,0,0,1,1,1,1,0,1,0,1,0,0,0,0,1,1,1,0,0,0,0,1,0,0,0,0,0,1,1,1,0,0,1,0,0,1,1,1,1,0,0,0,1,1,1,0,0,1,0,0,0,0,1,1,1,0,0,1,1,0
1,0,1,0,1,0,1,1,0,0,1,0,0,1,0,0,0,1,0,0,0,0,0,0,0,0,1,1,1,0,1,1,0,1,1,1,1,1,0,1,1,0,1,1,0,1,1,1,1,1,1,0,1,0,1,1,0,1,1,1,0,0,1,0,1,0,0,0,0,0,1,1,1,1,1,0,0,0,0,1,1,0,1,0,1,1,1,1,0,1,1,0,0,1,0,0,0,1,1,1
0,1,0,1,0,0,0,0,0,0,0,1,0,0,1,0,1,0,1,1,1,1,1,1,0,1,0,1,1,1,1,0,0,0,0,0,0,0,1,1,1,0,0,1,1,1,0,0,0,0,1,0,0,0,0,1,1,1,0,0,1,0,1,0,0,1,1,1,1,1,0,1,1,1,0,0,0,1,0,1,0,0,0,1,1,1,0,0,0,1,1,1,1,1,1,0,1,1,1,0
1,1,1,1,0,0,0,0,1,1,1,0,0,1,1,1,0,0,1,0,1,1,0,0,1,1,0,1,1,1,0,0,0,0,1,0,1,1,1,1,0,0,1,1,1,0,0,0,0,1,1,1,1,1,0,1,0,0,1,0,0,1,0,0,0,0,0,0,0,0,0,0,0,1,0,1,0,1,0,1,1,0,1,1,0,1,0,1,1,1,0,0,0,0,1,0,1,0,0,0
1,0,0,1,0,0,0,0,0,1,1,0,1,1,0,0,1,1,1,1,0,0,1,0,0,1,0,1,1,0,0,0,1,0,0,1,0,1,1,0,1,0,0,1,0,0,0,1,0,1,1,1,1,1,0,1,1,0,0,0,0,0,1,1,0,0,0,0,1,1,1,1,1,1,1,0,1,0,1,0,0,1,0,0,1,0,0,1,0,1,1,1,1,0,1,1,1,1,1,0
0,0,1,0,0,0,1,1,1,1,0,0,0,1,1,1,0,0,1,0,1,0,0,0,1,0,1,0,1,1,1,1,0,0,0,1,0,0,0,0,0,1,1,0,0,0,1,1,1,0,0,0,1,1,1,0,1,1,0,1,0,1,0,1,1,1,1,0,1,1,0,0,0,1,0,1,0,1,0,0,0,1,1,0,0,0,1,1,0,1,0,1,0,0,0,0,1,1,1,1
0,1,0,1,0,1,1,1,0,0,0,0,1,1,0,0,0,0,1,1,0,1,0,1,0,0,1,0,1,0,1,0,1,1,1,1,1,1,0,0,1,1,1,1,1,0,1,1,0,0,0,0,1,0,0,0,0,0,0,0,1,1,0,0,1,1,0,1,1,0,1,1,0,0,0,1,0,0,0,0,1,0,1,0,1,1,1,0,1,0,0,1,1,0,1,1,0,1,0,1
0,0,1,0,0,0,1,1,0,0,0,1,1,1,1,0,0,0,0,0,1,1,0,1,0,1,1,1,1,0,0,0,1,1,0,1,0,0,1,0,1,0,1,0,0,0,1,0,1,0,0,1,0,1,1,1,0,1,0,0,0,1,1,0,0,0,0,1,1,1,0,0,0,0,1,1,1,0,1,0,1,1,1,0,1,0,1,0,0,1,1,0,1,0,1,0,1,0,1,1
0,0,0,0,0,0,0,0,1,0,0,0,0,1,1,0,1,0,1,1,0,0,0,1,1,1,0,1,0,0,1,0,0,0,1,0,1,1,0,0,0,1,1,0,1,1,1,0,0,1,1,1,0,0,0,0,1,0,0,0,0,0,1,1,0,0,1,1,1,1,1,1,1,1,1,1,1,0,1,1,0,1,0,0,1,1,1,0,0,0,0,1,1,1,0,1,1,1,1,0
0,1,1,0,0,1,0,0,1,1,0,1,1,1,0,0,1,1,1,0,1,1,0,0,1,0,1,0,0,0,1,1,1,0,1,0,0,1,1,0,1,0,1,0,0,1,0,0,1,0,0,1,0,0,0,0,0,1,1,1,1,0,0,0,0,0,1,1,1,1,0,0,0,1,0,0,1,1,1,0,1,0,1,1,0,1,1,0,0,1,0,1,1,0,0,0,1,1,0,1
1,1,1,0,0,1,1,0,0,0,1,0,0,1,0,1,0,0,1,1,1,0,0,0,0,1,0,0,0,1,1,1,1,1,1,1,0,0,0,1,1,1,1,1,1,0,1,0,1,1,0,1,1,0,0,0,1,0,0,0,1,1,0,0,1,1,1,0,1,0,0,0,1,0,0,0,1,1,1,1,0,1,0,0,0,0,1,1,1,1,1,0,0,0,1,0,1,0,1,1
0,0,0,0,1,0,1,1,0,1,0,1,0,1,1,0,0,1,0,0,1,0,1,1,1,1,0,0,0,1,1,0,1,1,1,1,1,1,1,0,0,1,1,1,0,1,0,1,0,1,1,1,0,1,0,1,0,0,0,0,0,1,0,0,1,0,1,1,0,1,0,0,0,0,0,1,1,1,0,1,0,0,1,1,0,0,1,1,1,0,0,0,0,1,0,0,1,0,0,1
0,1,0,1,0,0,1,1,0,1,1,1,0,0,1,0,1,0,0,1,1,0,0,0,0,0,0,1,1,0,0,0,0,1,0,0,1,1,1,0,1,1,1,1,1,1,0,0,1,1,1,1,0,1,0,0,0,1,0,0,1,0,1,1,0,1,1,0,1,0,1,0,0,0,1,1,0,0,0,1,1,0,0,1,1,0,1,0,1,0,1,0,0,1,0,1,1,1,0,0
0,1,1,0,0,1,0,0,1,1,1,0,1,1,0,0,0,0,0,1,1,1,0,1,1,1,0,1,0,1,0,0,0,0,1,0,0,0,1,0,1,1,1,1,1,0,1,0,0,1,1,0,0,0,0,0,1,0,1,1,0,1,1,1,0,0,0,0,0,1,0,0,0,0,0,0,0,0,0,0,1,0,0,0,0,1,0,0,0,1,1,1,0,1,0,1,0,1,0,0
0,1,1,1,1,1,1,0,1,1,0,1,0,1,1,0,1,0,0,1,1,1,0,1,0,0,1,1,1,0,1,0,0,1,0,1,1,0,0,0,1,1,1,1,1,1,0,1,1,1,1,0,1,1,0,0,1,0,1,0,0,0,1,1,0,0,0,1,1,0,1,1,0,0,1,0,0,1,1,0,1,1,1,0,1,0,1,1,1,1,1,1,1,0,1,0,0,0,0,1
0,1,1,1,1,1,1,0,1,0,1,1,1,0,0,0,0,1,1,0,1,0,0,1,1,0,1,0,1,1,1,0,1,1,1,0,0,1,0,0,0,1,0,0,0,1,1,0,1,0,0,1,0,1,1,0,0,1,1,1,0,0,1,0,0,0,1,0,0,0,1,0,0,1,0,0,0,0,0,1,1,1,1,0,0,1,1,1,0,0,0,1,1,0,1,0,1,0,0,0
1,0,0,1,0,1,0,0,0,1,1,0,1,0,0,1,1,0,1,1,1,0,1,1,0,0,0,1,1,1,1,0,0,1,1,0,0,0,1,0,0,0,0,1,1,0,0,0,1,0,0,1,1,0,0,0,0,0,1,0,0,0,1,0,1,0,0,0,0,0,1,0,0,1,0,1,0,0,1,0,0,1,0,0,1,0,1,1,1,1,0,1,1,0,1,0,1,0,1,0
0,1,1,1,1,1,0,0,1,1,1,1,0,1,0,1,0,1,0,1,1,1,1,0,1,1,0,1,0,0,0,0,1,0,1,0,1,0,1,0,0,0,1,1,0,1,0,1,1,0,0,0,1,0,0,0,1,1,0,1,1,1,1,1,0,0,0,1,0,1,1,1,1,0,1,1,0,0,0,0,0,1,1,0,1,1,0,0,0,1,0,1,1,0,0,0,1,0,1,1
1,0,0,1,0,1,1,0,0,1,0,0,1,1,0,1,1,0,1,0,1,0,1,1,1,0,0,0,0,0,1,1,1,0,0,0,1,0,0,0,1,0,1,0,0,1,1,0,1,1,1,1,1,0,1,0,0,0,1,1,0,0,1,1,0,0,0,1,1,1,1,1,0,0,1,1,1,0,1,0,0,0,0,1,0,1,1,1,0,0,0,1,1,0,0,0,0,1,1,0
1,0,0,0,0,0,1,1,0,1,0,1,0,0,1,1,1,0,0,0,1,1,1,1,1,0,0,1,0,0,1,1,0,0,1,1,0,1,0,1,0,1,0,1,1,1,0,0,0,1,0,1,1,0,1,1,1,1,1,1,1,0,1,0,1,1,1,1,1,0,1,1,0,0,0,0,0,0,0,0,1,1,1,0,0,1,1,0,1,0,1,0,0,1,1,1,0,1,1,0
0,1,1,1,1,0,1,0,0,1,1,0,0,0,0,0,0,1,1,0,0,0,0,1,1,0,0,1,1,0,1,1,0,0,1,0,0,1,1,0,1,0,1,0,1,0,1,0,1,1,0,0,0,1,1,1,0,1,1,0,1,1,0,1,1,1,1,0,0,1,0,0,0,1,0,0,1,1,0,1,0,1,0,0,1,1,1,0,1,0,1,1,0,1,1,1,0,0,0,0
0,0,1,1,1,0,1,1,0,1,0,1,0,0,1,1,0,0,1,0,1,0,0,0,0,1,1,1,0,1,1,0,1,1,1,0,0,1,0,1,1,1,1,0,0,0,1,1,1,0,0,0,0,1,1,0,0,0,0,0,0,0,0,0,1,0,1,1,1,1,1,0,1,1,1,0,1,1,0,0,1,0,1,0,0,1,1,1,0,1,0,0,1,0,1,0,0,0,0,0
1,0,0,1,0,1,0,1,1,0,1,0,0,0,0,0,1,0,0,0,0,1,0,0,1,0,0,1,0,1,1,1,1,0,1,1,1,0,1,1,0,0,1,1,0,1,1,1,1,0,0,0,0,1,1,0,0,0,0,1,1,0,1,0,0,1,0,1,0,0,0,1,0,1,1,1,0,1,1,1,0,1,0,0,1,1,0,0,1,0,1,0,1,1,0,1,1,0,0,1
1,0,1,0,0,0,0,0,1,0,0,1,0,0,0,1,0,0,1,1,1,1,1,1,0,0,0,0,1,1,1,1,0,1,0,1,0,1,0,1,0,0,1,0,0,0,0,1,0,0,1,0,0,1,1,0,1,0,0,1,0,1,1,1,1,1,1,0,0,0,1,1,1,0,0,0,1,1,0,1,1,1,1,1,0,1,0,0,0,0,1,1,0,1,1,1,1,0,0,0
1,0,0,0,0,0,1,1,0,1,0,0,1,0,1,1,1,0,1,1,0,1,0,1,0,1,1,0,1,0,1,0,1,1,1,0,1,0,1,0,0,1,1,1,1,1,1,1,0,1,0,0,0,0,0,0,0,0,0,0,1,0,0,1,1,1,0,1,0,1,1,1,1,0,0,1,1,1,1,1,1,0,0,0,1,1,1,1,0,0,1,1,0,1,0,1,0,0,1,0
0,1,0,0,0,1,0,0,1,0,0,1,0,0,0,1,0,1,0,0,0,0,1,1,0,1,1,1,1,1,1,1,1,0,1,0,0,0,1,1,1,1,1,1,1,1,1,1,1,0,1,0,0,1,0,1,0,1,0,1,1,0,0,1,1,0,1,0,1,1,1,1,1,1,0,0,0,1,1,1,0,0,0,1,0,1,1,1,0,1,1,0,0,0,0,1,1,1,0,0
1,0,0,0,1,1,1,0,0,0,1,1,0,0,0,1,0,1,0,1,0,0,1,1,0,1,0,0,0,1,1,1,0,0,1,1,0,1,0,1,1,0,1,1,1,1,0,1,0,1,1,1,0,0,1,1,1,0,1,0,0,0,0,0,1,0,0,1,1,0,1,0,1,1,0,0,0,0,0,0,0,0,1,0,0,0,1,0,0,1,0,1,0,1,1,1,0,0,1,1
1,0,0,1,0,1,1,0,0,0,0,0,0,1,1,0,1,0,1,0,1,0,1,0,1,0,1,1,1,1,1,1,1,1,0,1,0,1,0,1,1,0,0,0,1,1,1,0,1,0,0,0,1,0,1,0,1,0,1,0,0,1,1,1,0,1,1,1,1,0,1,0,0,0,1,0,1,1,0,1,1,0,1,0,0,0,0,1,1,1,1,0,1,1,0,1,0,1,0,1
0,1,0,1,1,0,0,0,0,0,0,0,0,0,1,0,0,0,0,1,1,1,1,0,1,1,1,0,1,0,1,1,0,1,0,1,1,0,1,1,1,0,1,1,0,1,1,0,0,0,1,0,0,1,1,0,0,1,1,1,1,0,1,1,0,1,1,0,1,1,1,0,1,1,1,1,0,1,1,1,1,0,0,1,0,0,0,0,1,0,1,1,1,1,1,1,1,0,0,0
0,1,1,1,0,1,0,0,0,0,1,1,0,0,0,1,1,0,1,0,1,1,0,1,1,1,1,0,0,0,0,1,0,1,0,1,0,0,1,1,0,0,0,1,1,0,1,1,1,1,1,0,1,0,1,1,0,1,1,0,1,1,0,0,0,0,1,0,1,0,1,1,0,0,1,1,1,1,0,0,1,0,0,1,1,0,1,0,1,0,1,0,0,0,1,0,1,0,0,1
0,0,1,1,1,0,0,1,1,0,0,1,0,1,1,0,0,1,1,1,1,1,1,1,1,1,1,1,0,0,1,0,0,0,1,1,1,0,0,0,1,1,1,0,0,0,0,1,0,0,0,0,0,0,0,0,1,1,0,1,0,1,0,1,1,1,1,1,0,0,0,1,0,0,1,1,1,0,1,1,1,1,0,1,0,0,0,1,0,0,1,0,0,0,1,0,1,0,1,0
0,1,0,1,0,1,0,0,0,1,0,1,0,1,0,1,0,1,0,1,0,0,0,1,0,0,0,1,1,0,0,1,0,1,0,0,1,0,1,0,1,0,1,0,1,1,1,0,1,1,0,1,1,1,0,0,1,1,0,1,0,1,0,0,1,0,1,1,0,0,1,1,0,0,1,1,1,0,1,0,0,1,0,0,0,1,1,0,0,0,0,0,0,1,1,0,1,1,0,0
1,0,0,0,0,1,1,0,1,1,0,0,0,0,1,0,0,0,0,0,1,1,1,0,1,1,0,0,1,1,1,1,1,0,0,1,1,0,0,1,1,0,0,0,0,1,0,0,1,0,1,0,0,1,0,0,1,1,0,1,0,1,1,0,1,1,0,0,0,1,1,0,1,1,1,1,1,1,1,1,0,0,1,1,1,1,1,0,1,1,0,1,0,1,1,1,1,0,1,1
0,0,1,1,0,0,1,0,0,1,1,1,1,1,1,1,0,1,0,1,0,1,1,1,1,0,0,1,1,1,0,0,0,1,1,1,1,1,0,1,0,0,0,0,1,0,0,0,0,1,0,1,1,1,0,1,1,0,1,0,1,0,1,0,0,0,0,1,0,0,0,0,1,0,0,1,1,1,1,1,1,1,0,0,1,0,0,1,1,0,1,1,0,0,0,1,0,0,0,0
1,0,1,1,1,1,1,0,1,0,0,0,1,1,1,0,1,0,1,0,0,1,1,0,0,1,0,1,0,1,0,1,0,0,1,0,1,1,0,1,0,0,0,1,1,0,1,1,0,0,0,0,1,1,0,1,0,0,1,1,1,1,0,0,1,0,0,0,0,0,1,0,0,1,1,1,1,1,0,1,1,1,1,1,0,1,1,1,1,0,1,0,1,0,0,0,1,1,0,1
1,0,1,1,0,0,1,0,0,0,0,1,1,0,0,0,0,0,1,0,1,0,1,0,0,1,1,0,1,0,1,1,1,1,1,1,0,0,1,0,0,0,1,1,0,0,0,0,1,1,1,1,0,1,0,1,1,1,0,0,1,1,1,0,1,1,1,0,0,1,0,1,0,1,0,1,0,0,1,0,1,1,0,1,0,0,0,0,1,0,0,1,1,0,0,0,1,1,0,0
0,0,0,1,0,1,1,0,1,0,1,1,1,1,0,1,1,0,0,0,0,1,1,0,1,0,1,0,1,1,1,1,1,0,0,1,1,0,0,0,1,0,1,1,0,1,0,0,1,0,1,1,1,1,1,0,0,1,0,1,0,0,0,0,1,0,0,1,0,0,0,1,1,1,0,1,1,0,1,0,1,1,1,1,0,1,1,0,0,1,1,0,0,1,1,0,1,1,0,0
1,0,1,1,1,1,0,1,1,0,0,1,1,1,0,1,0,1,1,1,0,1,1,1,1,1,0,0,0,1,1,1,0,0,0,1,0,1,0,0,1,0,1,1,0,0,0,1,1,0,1,1,1,1,0,1,1,0,1,0,1,0,0,0,0,1,1,0,0,0,1,0,1,1,0,1,0,0,0,1,0,0,0,1,1,1,0,1,0,0,0,0,0,0,0,1,1,1,0,1
1,0,1,0,0,0,1,0,0,0,0,1,1,0,0,1,1,0,0,1,1,0,1,0,1,0,1,0,1,1,0,1,0,0,1,1,0,1,1,0,0,0,0,0,0,1,0,0,1,1,0,1,1,0,1,1,0,0,0,0,1,0,0,0,0,0,1,0,1,1,0,1,0,0,0,0,1,1,1,0,0,1,0,0,1,1,1,1,0,1,1,0,0,0,1,0,1,0,0,0
0,1,1,1,0,1,1,1,1,1,0,0,1,1,0,0,1,0,1,1,0,0,0,1,0,1,1,1,0,0,0,0,1,0,1,0,0,1,1,0,1,0,0,1,0,0,0,1,0,1,0,1,0,1,0,0,0,0,1,1,0,1,1,0,1,1,1,1,0,0,1,1,0,0,1,0,0,0,0,1,0,0,1,0,1,0,1,1,0,0,1,0,1,1,0,1,0,0,1,0
0,0,1,1,1,1,1,0,1,1,0,0,0,1,0,1,1,1,0,0,0,0,0,1,1,0,0,0,1,0,1,0,1,0,0,0,1,0,1,1,0,0,1,1,0,1,1,0,0,0,0,0,0,1,1,0,1,0,0,0,1,1,0,1,1,0,0,1,0,1,0,0,0,0,1,0,1,0,1,0,1,1,1,0,0,0,1,0,0,1,1,0,0,0,0,0,1,0,1,1
0,0,0,1,1,0,0,1,0,1,0,0,0,0,1,0,1,1,1,0,1,0,0,1,1,0,0,1,1,0,0,1,0,1,1,0,0,0,0,1,1,0,1,1,1,0,1,0,0,1,0,1,1,0,0,0,0,0,1,0,1,1,1,0,1,1,1,0,1,1,0,1,0,1,0,1,0,1,0,1,0,0,1,0,0,0,0,0,1,1,1,0,0,0,1,1,0,0,0,1
0,0,0,1,1,0,1,1,0,0,1,0,1,0,1,1,0,0,1,0,1,0,1,1,1,0,1,0,0,0,0,1,1,1,0,0,0,1,0,0,1,1,1,1,1,1,1,1,0,0,1,1,0,0,1,1,0,0,1,0,1,0,0,1,1,0,0,0,0,0,0,0,1,0,0,1,0,0,1,0,1,1,1,0,0,0,0,1,1,0,1,0,0,0,0,0,1,0,1,1
0,1,0,0,1,1,1,0,0,0,0,0,0,1,1,1,0,1,0,1,0,0,0,0,1,1,0,0,1,0,1,0,0,1,0,0,0,1,1,1,1,0,0,0,1,1,1,1,0,1,1,0,0,1,1,0,0,1,0,0,1,1,0,1,1,0,1,1,0,1,1,1,1,0,0,1,0,0,0,1,0,1,0,1,0,1,1,1,0,0,1,1,1,1,1,0,0,1,1,0
1,1,0,1,0,0,1,1,0,1,1,1,0,1,1,1,1,1,1,0,0,0,1,0,0,1,1,0,1,0,1,1,1,1,0,0,0,0,0,1,0,0,1,0,1,1,0,1,0,0,0,0,1,1,0,0,0,0,0,0,1,0,0,0,1,0,1,0,0,0,1,1,0,1,0,1,1,1,0,1,1,1,1,0,0,1,0,1,0,1,0,0,0,1,1,0,0,0,0,0
1,1,0,0,1,0,0,0,1,1,1,0,0,1,1,0,0,1,0,0,1,1,1,0,0,1,1,0,0,0,1,1,1,1,0,0,0,0,1,1,0,1,1,0,0,0,0,1,1,0,0,1,0,0,1,0,0,1,1,1,0,1,1,1,1,1,0,1,0,1,1,1,1,1,0,0,1,1,1,0,0,1,0,0,1,0,0,1,1,1,1,0,0,1,0,0,0,0,0,1
1,0,0,0,1,0,1,0,1,1,1,0,0,1,0,0,1,0,0,1,0,0,0,0,0,1,1,0,1,1,1,0,0,0,1,0,1,0,0,0,0,0,1,1,0,0,1,0,0,0,0,1,1,1,1,0,1,1,0,1,1,0,1,0,1,1,0,0,1,1,1,0,1,0,1,0,0,0,1,1,1,0,0,0,0,1,1,0,0,1,1,0,0,0,0,1,1,0,0,0
0,0,0,0,1,1,1,0,1,0,0,1,1,0,0,1,1,0,0,1,1,1,0,0,0,1,1,1,0,1,1,0,1,1,1,1,0,0,1,1,0,1,1,1,1,1,1,0,0,1,0,0,1,1,0,1,1,1,0,1,1,1,1,1,0,1,1,1,0,0,0,0,0,1,1,1,0,0,1,1,1,1,0,0,0,0,1,0,1,0,0,0,1,0,1,1,1,1,1,1
1,0,1,1,0,0,0,0,1,0,1,1,0,1,1,0,1,1,1,0,1,1,1,1,0,1,0,0,0,1,0,1,1,0,1,0,0,0,1,0,0,0,0,0,1,0,1,1,0,1,0,0,1,1,0,1,0,1,0,1,1,0,1,1,0,0,0,0,1,0,1,0,0,0,1,0,1,0,1,0,1,0,0,0,0,0,0,0,1,1,1,1,1,1,0,1,1,1,0,1
0,0,1,1,0,0,0,1,0,1,1,1,1,1,0,1,0,0,0,0,0,0,1,0,1,0,1,0,0,1,1,1,1,0,1,0,0,0,1,0,1,1,1,1,1,1,1,0,0,1,1,1,1,1,0,0,1,0,1,0,1,1,1,1,0,1,0,1,1,1,0,0,0,0,0,0,1,0,0,1,1,1,0,1,1,0,1,1,0,0,0,1,1,0,1,0,0,0,1,0
1,0,0,1,0,0,1,0,1,0,0,1,1,0,0,1,0,1,0,1,0,1,0,0,0,1,0,0,0,0,1,0,0,1,0,1,1,0,0,1,0,1,0,0,0,1,0,0,0,1,0,0,0,0,1,1,0,1,0,0,1,1,1,1,0,1,0,0,0,0,1,0,0,0,1,1,1,0,1,1,1,0,0,1,0,1,0,1,1,0,1,0,1,1,0,0,1,1,1,0
0,1,0,1,0,1,1,0,1,0,1,1,0,0,1,0,0,1,0,0,0,1,1,0,1,0,1,1,0,1,1,1,1,1,0,1,0,1,1,0,1,1,0,1,1,1,0,1,0,1,1,1,0,0,0,1,0,0,1,0,0,0,1,1,0,1,1,1,1,1,0,0,1,0,0,1,0,1,0,0,1,0,1,1,1,1,0,1,0,1,0,1,1,1,0,0,1,1,0,0
0,1,1,1,1,1,1,1,0,1,1,1,1,1,0,1,1,1,0,0,1,1,0,0,0,1,0,0,0,0,0,1,1,1,1,0,1,0,0,1,0,1,1,0,1,0,0,1,0,0,0,1,1,1,1,0,0,1,1,0,0,1,0,1,1,0,0,1,0,0,1,1,0,0,0,0,0,1,0,1,1,0,1,1,0,0,0,0,0,1,0,1,0,0,1,0,1,0,1,1
1,1,1,1,1,1,1,0,1,1,0,1,1,1,0,0,0,1,0,1,0,1,1,1,0,1,1,1,1,0,1,1,1,0,1,0,0,0,0,1,0,1,1,0,1,0,0,1,0,0,1,0,1,0,0,0,0,0,1,1,1,0,1,0,0,0,1,1,1,0,0,1,0,0,0,0,1,1,0,1,1,1,0,0,0,0,1,0,0,0,0,1,1,0,1,1,0,0,1,1
0,1,0,1,1,0,0,0,1,0,0,1,1,0,0,0,0,1,0,1,1,0,0,1,1,1,1,0,1,1,1,1,0,1,0,1,0,0,1,0,0,0,0,0,0,0,0,1,1,0,0,0,0,0,1,0,1,0,0,0,0,1,0,0,1,0,0,1,1,0,1,0,1,1,0,1,0,0,0,1,0,1,1,0,0,1,0,1,1,1,0,1,1,1,1,0,0,0,0,0
1,1,0,1,0,1,0,1,1,0,0,1,0,0,1,0,0,1,0,1,0,1,0,0,0,1,0,1,1,0,0,1,1,1,1,0,1,1,0,1,1,1,1,1,0,1,0,1,0,1,0,1,0,0,1,1,1,0,1,1,0,1,1,0,0,1,0,0,0,1,1,0,0,0,0,1,0,1,0,0,1,1,0,1,0,1,0,1,0,0,1,1,1,0,0,1,1,0,1,1
0,1,1,1,1,0,1,0,0,1,0,0,1,1,0,1,1,0,0,0,0,1,1,1,0,1,0,1,0,0,1,1,0,1,1,1,1,1,0,0,0,1,0,0,1,1,0,1,1,0,1,1,0,0,1,0,1,0,0,1,0,1,1,1,1,0,1,1,0,0,1,0,0,1,0,1,1,0,1,0,0,1,0,0,1,1,1,0,0,0,1,0,0,0,1,0,0,0,0,0
1,1,0,0,0,0,0,1,1,0,0,0,0,0,0,1,0,1,1,0,0,1,1,1,0,0,0,1,1,0,0,0,1,1,1,1,1,0,0,0,1,0,0,0,1,1,0,1,0,1,0,0,0,0,0,0,1,1,1,1,0,1,1,0,0,1,1,0,1,0,0,1,1,0,0,1,1,0,0,1,1,1,0,0,0,0,0,0,1,1,1,1,1,0,0,1,0,1,0,1
1,0,0,0,1,0,0,0,1,1,0,1,0,0,0,0,1,1,0,0,0,0,0,0,0,0,0,0,0,0,1,0,0,0,0,1,0,0,1,1,1,0,0,1,0,1,1,1,1,1,0,0,0,0,0,1,1,1,1,0,0,1,0,1,1,1,1,0,1,0,0,1,0,0,1,0,0,1,1,0,1,0,1,0,1,0,1,0,0,1,1,1,1,0,0,1,1,0,1,0
0,1,0,0,0,1,0,0,1,0,0,0,1,1,1,1,1,1,0,0,1,1,0,0,1,1,0,1,1,1,1,0,0,0,0,1,1,1,0,0,0,0,1,0,0,1,0,1,1,0,0,1,0,0,0,1,0,1,1,0,0,0,1,0,1,1,1,1,0,1,1,1,1,0,1,0,1,0,1,1,0,0,0,1,1,1,1,0,0,1,1,0,1,1,0,0,1,0,1,1
0,1,1,1,0,1,1,1,0,0,0,1,1,1,1,0,1,1,1,0,1,0,1,1,0,0,0,0,0,0,0,0,0,1,0,0,0,0,0,1,0,0,1,1,1,1,0,1,1,1,0,0,1,0,1,1,1,0,0,0,0,0,1,0,1,1,1,0,0,1,1,0,0,1,0,1,0,0,0,1,0,1,0,0,0,0,1,1,1,1,0,1,1,0,0,0,1,0,1,0
1,1,0,0,0,1,1,0,1,0,0,1,0,1,0,0,0,1,0,1,1,0,0,0,0,1,1,1,1,0,1,1,0,0,0,0,1,1,0,1,1,0,1,1,1,1,0,1,0,0,1,1,0,0,0,0,0,1,1,0,1,1,0,1,0,0,0,0,1,0,0,1,1,1,0,0,0,1,0,0,0,0,0,1,0,0,0,0,0,0,1,0,1,1,1,0,0,0,0,0
1,1,0,0,1,0,1,1,1,1,1,1,0,0,0,1,1,0,0,0,0,0,0,0,0,0,0,0,1,0,0,0,0,0,0,0,1,1,1,0,1,1,0,1,1,0,1,0,0,1,1,0,1,1,0,1,1,0,0,1,0,0,1,1,1,1,0,0,0,1,1,1,1,0,0,1,0,1,1,1,1,0,0,0,0,0,0,0,1,0,1,1,1,0,1,0,0,0,1,1
1,0,0,1,0,0,1,1,0,0,0,0,1,1,0,0,1,1,1,0,0,1,0,0,1,1,1,1,1,0,0,1,0,1,0,1,0,1,1,0,1,0,0,1,1,1,1,0,0,1,1,1,0,0,1,1,1,0,1,0,1,1,0,0,0,1,1,0,0,0,0,1,1,0,1,1,0,1,0,0,0,0,1,0,1,0,1,0,1,0,0,1,1,0,0,0,0,1,0,0
1,0,1,1,1,0,1,1,1,0,1,1,0,1,1,0,0,0,0,0,0,1,0,1,0,0,0,1,0,0,1,1,1,1,1,0,0,0,0,1,1,0,1,1,1,1,0,0,1,1,1,1,0,0,1,1,0,0,1,1,0,0,0,0,0,0,1,1,0,1,0,1,0,1,0,1,1,1,0,1,1,0,0,1,1,0,0,0,1,0,0,1,0,1,0,1,0,0,0,1
0,1,1,1,0,0,1,0,1,1,0,1,0,1,0,1,0,1,1,0,1,0,1,0,1,1,0,0,1,1,0,1,0,1,0,0,1,1,0,0,1,1,1,1,1,0,1,0,1,1,0,0,1,1,1,1,1,0,1,0,1,1,0,0,1,1,0,1,1,1,0,0,1,0,1,1,1,1,1,0,1,1,1,1,1,0,0,0,0,0,0,0,1,0,1,1,0,1,0,1
1,0,1,0,1,0,1,0,0,1,1,1,0,1,1,1,1,1,1,0,1,0,1,1,0,0,1,0,0,1,1,0,0,1,1,1,1,0,1,0,1,0,0,0,0,1,0,1,1,0,0,1,1,0,1,1,1,1,1,1,1,0,1,0,1,0,1,1,0,0,1,1,1,1,1,1,0,1,1,0,0,1,1,0,1,0,1,0,0,1,0,0,0,1,1,0,1,1,0,1
1,1,1,1,1,1,0,0,0,1,0,1,1,0,0,1,1,1,0,0,1,0,1,0,1,0,0,0,1,0,0,0,1,1,0,0,1,0,1,1,0,0,1,1,1,1,0,1,1,1,1,0,0,1,0,0,1,0,0,0,0,0,1,0,0,1,1,1,1,0,1,0,1,0,1,0,1,0,1,0,0,1,1,0,0,0,0,1,1,0,1,0,1,0,0,1,0,0,1,1
1,1,1,0,1,0,0,1,0,0,0,0,1,0,0,0,1,0,0,0,1,1,1,1,0,0,1,1,0,0,0,0,1,1,1,0,0,0,1,0,0,1,1,1,1,0,1,1,0,0,0,0,1,1,1,1,1,0,0,1,0,1,0,1,0,0,1,0,0,0,1,1,1,1,0,0,1,1,1,1,0,0,1,0,1,0,0,1,0,1,1,1,1,1,0,0,0,1,1,0
1,0,1,0,1,0,0,1,1,0,0,0,1,0,0,0,1,1,0,0,0,0,0,0,1,0,0,1,0,0,0,1,0,1,1,1,0,0,1,1,1,0,1,1,1,0,1,1,1,1,1,1,1,0,0,1,0,0,1,0,0,1,1,1,1,1,1,0,0,0,0,0,0,1,1,0,0,0,1,1,0,0,1,0,1,1,0,0,0,1,1,1,0,1,1,1,0,1,1,1
1,0,0,0,1,0,1,0,0,1,0,1,1,0,0,1,0,1,1,0,0,1,0,1,1,0,1,1,0,1,0,0,0,0,1,1,1,1,0,1,0,1,1,1,0,0,0,1,1,1,0,0,1,0,0,1,0,0,1,0,0,0,0,0,0,0,0,1,1,1,0,1,1,1,1,1,1,0,0,0,1,0,0,0,0,0,0,1,1,1,1,1,1,1,0,1,0,0,1,1
1,0,0,0,0,0,0,1,1,1,1,1,1,1,0,1,1,1,0,0,0,0,1,0,1,0,1,0,0,0,1,1,1,0,1,0,0,0,1,1,0,1,1,0,1,1,0,1,1,1,1,0,0,1,0,1,1,1,0,1,1,1,0,1,1,0,0,0,1,0,1,0,0,0,1,0,0,1,1,1,1,1,1,1,1,0,1,1,1,0,1,0,0,0,0,1,0,1,1,1
0,1,1,0,0,0,1,0,0,1,0,1,1,1,1,1,1,1,1,0,0,1,0,1,1,0,1,0,0,1,0,1,1,1,1,1,1,1,0,0,1,0,1,0,0,1,0,0,1,0,1,1,1,1,0,0,1,0,0,1,0,0,1,0,1,1,1,0,1,0,0,0,1,1,0,0,0,1,0,1,1,1,1,1,1,1,1,0,1,0,1,0,0,0,1,1,1,1,1,1
0,1,0,0,0,0,1,0,1,0,1,0,0,0,0,0,1,1,1,0,0,1,1,1,1,1,1,1,0,0,0,1,0,1,1,0,0,1,1,0,1,0,0,1,0,1,1,0,0,1,0,0,0,1,1,0,1,1,1,1,0,1,0,0,1,0,0,1,0,0,0,1,1,0,0,0,1,0,0,0,0,1,0,1,1,0,1,1,1,1,0,1,1,1,0,1,1,0,0,1
0,0,0,0,0,0,1,0,0,0,1,0,0,1,0,1,1,1,0,1,0,1,1,0,1,0,1,1,1,1,0,0,1,1,0,1,1,0,1,0,0,0,1,0,1,1,1,1,1,0,1,1,0,0,1,0,1,0,0,1,1,0,1,0,0,1,1,0,0,0,1,0,0,0,1,1,1,1,0,0,1,0,1,0,0,1,0,0,1,0,0,0,0,0,1,1,0,0,0,0
1,0,0,0,0,0,1,0,0,0,1,0,0,0,1,1,0,0,1,0,1,0,1,0,0,0,0,0,1,0,1,0,1,0,1,1,1,1,0,1,0,0,1,1,1,0,0,1,1,1,1,0,0,0,0,1,0,1,0,1,0,0,0,1,1,0,1,0,1,1,0,1,0,0,0,0,1,0,0,1,1,1,1,0,1,1,0,1,1,1,0,0,0,1,0,1,0,1,0,1
1,1,1,1,0,0,0,0,1,0,1,1,1,1,1,0,1,1,1,1,1,1,0,1,0,0,0,0,0,0,0,0,0,0,1,1,0,0,0,1,1,0,1,1,0,0,0,0,0,0,0,0,1,0,0,0,0,1,1,1,0,0,1,1,1,1,1,1,1,0,0,1,0,0,0,0,0,1,1,0,1,0,1,0,0,1,1,0,0,1,0,1,1,1,1,1,1,1,0,1
0,1,0,1,0,0,1,1,0,0,0,1,1,0,0,0,0,1,1,0,0,1,0,1,0,0,1,1,1,0,1,0,1,1,1,1,0,1,0,0,0,1,0,0,0,0,0,1,0,0,0,0,0,0,1,0,0,1,1,0,0,1,0,0,0,0,0,0,1,0,1,0,0,0,0,1,1,1,1,0,1,0,0,0,1,1,0,1,0,1,1,1,1,1,0,1,0,1,1,0
0,1,1,1,0,0,0,0,0,0,0,1,1,1,0,1,0,0,0,0,1,1,0,0,0,1,1,0,0,0,1,1,1,1,0,1,1,0,0,1,1,1,0,0,1,1,1,1,0,0,0,1,0,1,0,0,0,0,0,0,1,1,1,1,1,0,1,0,1,1,0,1,0,1,0,0,1,0,1,0,1,0,0,0,1,0,0,1,0,0,1,0,0,0,0,1,1,1,0,1
1,1,0,0,0,1,0,1,1,0,0,1,1,0,1,0,0,0,1,1,0,1,1,0,0,0,0,1,1,0,0,0,0,0,0,1,1,0,1,1,0,1,0,1,1,0,1,0,1,1,1,0,0,0,0,1,0,0,0,1,0,0,1,1,0,0,1,1,1,1,1,0,0,1,0,1,0,0,1,0,0,1,0,1,0,1,1,1,0,0,0,0,0,1,1,1,1,1,1,1
1,1,0,1,0,0,1,0,0,0,0,0,1,0,0,0,0,0,0,1,1,1,0,1,1,0,1,1,0,0,0,1,1,0,1,0,0,1,0,0,1,0,0,0,1,1,0,1,0,0,1,0,0,1,0,1,1,0,0,0,0,1,1,0,0,1,1,1,0,1,1,0,0,1,0,1,1,1,1,0,1,0,0,1,0,0,1,1,1,0,1,1,1,1,0,0,1,0,1,1
0,0,0,1,0,0,1,1,0,1,1,0,1,0,0,0,0,1,1,0,0,1,0,0,1,0,1,0,1,1,1,1,1,0,0,1,0,1,1,0,0,0,0,0,0,1,0,1,0,0,1,0,0,1,0,1,1,0,1,1,1,1,0,1,1,0,0,1,0,1,0,0,1,0,0,0,0,0,0,1,0,1,0,1,1,0,1,0,0,0,1,0,1,0,0,1,1,0,1,1
0,0,1,0,0,0,0,0,0,0,1,0,1,1,0,0,0,0,0,1,1,1,1,0,0,0,1,1,0,1,0,1,1,0,1,0,0,1,0,1,1,1,1,1,0,0,0,0,0,0,0,1,0,1,0,1,0,0,0,0,0,0,1,0,0,0,1,1,0,1,1,1,0,0,0,0,1,0,0,1,1,0,0,1,0,1,0,1,1,1,0,1,1,1,1,1,0,1,0,0
1,0,1,0,1,0,0,1,0,0,0,0,1,1,1,0,0,1,1,1,0,0,1,0,1,0,0,1,1,1,0,0,0,1,1,1,0,0,1,1,1,0,0,1,0,0,1,0,1,1,0,1,0,0,0,0,0,1,1,1,0,0,1,1,0,1,0,0,0,0,0,0,1,0,0,1,0,0,1,1,1,1,0,0,0,1,1,1,0,1,0,0,0,1,1,0,0,0,1,0
0,0,1,0,1,0,1,1,1,1,0,1,1,0,0,1,0,0,0,0,1,1,1,0,1,0,0,0,0,0,0,1,0,1,1,0,1,0,0,1,0,0,1,1,1,0,1,0,1,1,0,1,1,0,0,1,1,1,0,1,0,0,1,1,1,1,0,0,1,0,0,0,0,1,0,0,0,1,1,0,1,1,0,0,0,1,1,0,1,1,0,1,1,1,1,1,1,1,1,0
1,1,1,1,1,0,0,1,0,1,1,0,1,0,1,1,0,1,1,1,0,0,0,0,0,1,1,0,0,1,1,0,1,1,1,0,0,1,1,0,0,1,0,0,0,0,1,0,0,0,0,1,1,0,1,0,1,1,0,1,1,0,0,0,1,0,0,1,0,0,0,1,0,1,1,1,0,1,0,0,1,1,1,1,1,1,1,1,1,1,1,1,1,0,0,0,1,1,0,0
0,1,1,0,1,0,1,1,0,0,0,0,0,1,0,1,1,0,0,1,1,1,1,0,1,0,0,0,1,1,1,1,0,1,0,0,0,0,0,0,1,0,1,0,1,0,0,0,0,1,0,0,0,0,0,0,1,1,0,1,0,1,0,0,0,0,0,0,1,1,1,0,1,1,0,0,0,0,0,1,1,1,1,1,0,1,0,0,0,0,0,0,0,0,0,0,0,1,0,1
0,1,1,0,1,1,0,0,1,1,1,0,0,0,0,0,1,0,0,0,0,0,1,1,1,0,1,0,1,0,0,1,1,0,0,1,1,0,0,0,1,1,1,1,0,1,0,1,1,1,1,0,1,1,1,0,0,1,0,1,1,1,1,0,1,1,0,1,0,0,0,0,1,0,0,0,0,0,0,0,1,0,0,0,1,1,0,0,0,1,0,0,1,1,0,1,0,1,1,1
0,0,1,0,0,1,0,1,1,1,0,1,1,0,0,1,1,1,1,0,0,0,1,1,1,0,1,1,1,0,0,0,0,0,1,0,0,0,1,1,0,1,1,1,0,0,1,1,1,0,1,1,1,0,1,1,1,0,0,0,1,0,0,1,1,0,1,1,0,0,1,0,0,1,1,0,1,1,1,1,1,0,1,0,1,0,1,1,0,1,1,0,1,1,0,0,0,0,1,0
1,0,1,0,1,1,1,1,1,1,1,1,1,0,0,1,1,0,0,1,1,1,1,1,0,1,1,0,1,0,1,1,0,1,1,1,1,1,1,0,0,0,1,0,1,1,1,0,1,0,1,0,0,1,1,0,0,1,0,0,0,1,0,1,1,1,0,1,1,0,0,1,0,0,1,0,0,0,0,0,1,0,1,1,0,1,0,1,1,0,0,0,0,1,0,1,1,1,0,1
0,0,0,1,1,1,1,1,1,1,0,0,0,1,1,1,1,0,1,0,1,1,1,1,1,0,1,0,0,1,1,0,1,1,1,1,1,0,1,0,0,0,0,0,1,1,0,0,1,1,1,1,0,0,0,0,0,1,0,1,0,0,0,0,1,0,1,1,1,0,1,0,0,1,0,0,1,0,0,1,1,1,0,1,0,1,0,0,0,0,1,1,1,1,0,1,1,1,1,0
